<?xml version="1.0" encoding="UTF-8"?>
<jcr:root xmlns:sling="http://sling.apache.org/jcr/sling/1.0" xmlns:jcr="http://www.jcp.org/jcr/1.0" xmlns:nt="http://www.jcp.org/jcr/nt/1.0"
    jcr:primaryType="sling:OrderedFolder">
    <jcr:content
        jcr:primaryType="nt:unstructured"
        jcr:title="css"/>
    <fa-brands.min.css/>
    <fa-brands.css/>
    <fa-regular.css/>
    <fa-regular.min.css/>
    <fa-solid.min.css/>
    <fa-solid.css/>
    <fontawesome-all.min.css/>
    <fontawesome-all.css/>
    <fontawesome.css/>
    <fontawesome.min.css/>
</jcr:root>
