<?xml version="1.0" encoding="UTF-8"?>
<jcr:root xmlns:cq="http://www.day.com/jcr/cq/1.0" xmlns:jcr="http://www.jcp.org/jcr/1.0" xmlns:nt="http://www.jcp.org/jcr/nt/1.0"
    jcr:primaryType="cq:EditConfig">
    <cq:inplaceEditing
        jcr:primaryType="cq:InplaceEditingConfig"
        active="{Boolean}true"
        editorType="text">
        <config jcr:primaryType="nt:unstructured">
            <rtePlugins
                jcr:primaryType="nt:unstructured"
                name="./textRich">
                <styles
                    jcr:primaryType="nt:unstructured"
                    editType="{Boolean}true"
                    features="*">
                    <styles jcr:primaryType="cq:WidgetCollection">
                        <white
                            jcr:primaryType="nt:unstructured"
                            cssName="global-clr_white"
                            text="white"/>
                        <black
                            jcr:primaryType="nt:unstructured"
                            cssName="global-clr_black"
                            text="black"/>
                        <christaiangrey
                            jcr:primaryType="nt:unstructured"
                            cssName="global-clr_christian_grey"
                            text="Christian Grey"/>
                        <greyskull
                            jcr:primaryType="nt:unstructured"
                            cssName="global-clr_greyskull"
                            text="Grey Skull"/>
                        <inthenavy
                            jcr:primaryType="nt:unstructured"
                            cssName="global-clr_in_the_navy"
                            text="In The Navy"/>
                        <peacock
                            jcr:primaryType="nt:unstructured"
                            cssName="global-clr_mrs_peacock"
                            text="Peacock"/>
                        <highmarkblue
                            jcr:primaryType="nt:unstructured"
                            cssName="global-clr_highmark_blue"
                            text="Highmark Blue"/>
                        <orange
                            jcr:primaryType="nt:unstructured"
                            cssName="global-clr_orange"
                            text="Orange"/>
                        <ivyblue
                            jcr:primaryType="nt:unstructured"
                            cssName="global-clr_blue_ivy"
                            text="Ivy Blue"/>
                        <purple
                            jcr:primaryType="nt:unstructured"
                            cssName="global-clr_purple"
                            text="Purple"/>
                        <blood
                            jcr:primaryType="nt:unstructured"
                            cssName="global-clr_blood"
                            text="Blood"/>
                        <olive
                            jcr:primaryType="nt:unstructured"
                            cssName="global-clr_martini_olive"
                            text="Olive"/>
                        <text-shadow
                            jcr:primaryType="nt:unstructured"
                            cssName="default-text-shadow"
                            text="text-shadow"/>
                        <linkwhite
                            jcr:primaryType="nt:unstructured"
                            cssName="link-clr_white"
                            text="link color white"/>
                    </styles>
                </styles>
                <subsuperscript
                    jcr:primaryType="nt:unstructured"
                    features="*"/>
                <paraformat
                    jcr:primaryType="nt:unstructured"
                    features="*">
                    <formats jcr:primaryType="cq:WidgetCollection">
                        <h1
                            jcr:primaryType="nt:unstructured"
                            description="Heading 1"
                            tag="h1"/>
                        <h2
                            jcr:primaryType="nt:unstructured"
                            description="Heading 2"
                            tag="h2"/>
                        <h3
                            jcr:primaryType="nt:unstructured"
                            description="Heading 3"
                            tag="h3"/>
                        <h4
                            jcr:primaryType="nt:unstructured"
                            description="Heading 4"
                            tag="h4"/>
                        <h5
                            jcr:primaryType="nt:unstructured"
                            description="Heading 5"
                            tag="h5"/>
                        <p
                            jcr:primaryType="nt:unstructured"
                            description="Body 1"
                            tag="p"/>
                    </formats>
                </paraformat>
                <spellcheck
                    jcr:primaryType="nt:unstructured"
                    features="*"/>
                <findreplace
                    jcr:primaryType="nt:unstructured"
                    features="*"/>
                <edit
                    jcr:primaryType="nt:unstructured"
                    defaultPasteMode="plaintext"
                    features="[paste-plaintext,cut,copy,paste-default]"
                    stripHtmlTags="{Boolean}true"/>
                <misctools
                    jcr:primaryType="nt:unstructured"
                    features="[specialchars,sourceedit]">
                    <specialCharsConfig jcr:primaryType="nt:unstructured">
                        <chars jcr:primaryType="nt:unstructured">
                            <pound
                                jcr:primaryType="nt:unstructured"
                                entity="&amp;#36;"/>
                            <percent
                                jcr:primaryType="nt:unstructured"
                                entity="&amp;#37;"/>
                            <ampersand
                                jcr:primaryType="nt:unstructured"
                                entity="&amp;#38;"/>
                            <copyright
                                jcr:primaryType="nt:unstructured"
                                entity="&amp;#169;"/>
                            <trademark
                                jcr:primaryType="nt:unstructured"
                                entity="&amp;#8482;"/>
                            <atSymbol
                                jcr:primaryType="nt:unstructured"
                                entity="&amp;#64;"/>
                            <accountant
                                jcr:primaryType="nt:unstructured"
                                cssName="glyph"
                                entity=""/>
                            <apps
                                jcr:primaryType="nt:unstructured"
                                entity=""/>
                            <bank
                                jcr:primaryType="nt:unstructured"
                                entity=""/>
                            <chat
                                jcr:primaryType="nt:unstructured"
                                entity=""/>
                            <customers
                                jcr:primaryType="nt:unstructured"
                                entity=""/>
                            <dashboard
                                jcr:primaryType="nt:unstructured"
                                entity=""/>
                            <employees
                                jcr:primaryType="nt:unstructured"
                                entity=""/>
                            <expenses
                                jcr:primaryType="nt:unstructured"
                                entity=""/>
                            <help
                                jcr:primaryType="nt:unstructured"
                                entity=""/>
                            <accountanttool
                                jcr:primaryType="nt:unstructured"
                                entity=""/>
                            <inventory
                                jcr:primaryType="nt:unstructured"
                                entity=""/>
                            <invoices
                                jcr:primaryType="nt:unstructured"
                                entity=""/>
                            <payments
                                jcr:primaryType="nt:unstructured"
                                entity=""/>
                            <checks
                                jcr:primaryType="nt:unstructured"
                                entity=""/>
                            <products
                                jcr:primaryType="nt:unstructured"
                                entity=""/>
                            <reports
                                jcr:primaryType="nt:unstructured"
                                entity=""/>
                            <star
                                jcr:primaryType="nt:unstructured"
                                entity=""/>
                            <receipts
                                jcr:primaryType="nt:unstructured"
                                entity=""/>
                            <schedule
                                jcr:primaryType="nt:unstructured"
                                entity=""/>
                            <settings
                                jcr:primaryType="nt:unstructured"
                                entity=""/>
                            <taxes
                                jcr:primaryType="nt:unstructured"
                                entity=""/>
                            <transactions
                                jcr:primaryType="nt:unstructured"
                                entity=""/>
                            <vendors
                                jcr:primaryType="nt:unstructured"
                                entity=""/>
                            <labs
                                jcr:primaryType="nt:unstructured"
                                entity=""/>
                            <marketing
                                jcr:primaryType="nt:unstructured"
                                entity=""/>
                            <mailbox
                                jcr:primaryType="nt:unstructured"
                                entity=""/>
                            <appointment
                                jcr:primaryType="nt:unstructured"
                                entity=""/>
                            <checkmark
                                jcr:primaryType="nt:unstructured"
                                entity=""/>
                            <attach
                                jcr:primaryType="nt:unstructured"
                                entity=""/>
                            <audio
                                jcr:primaryType="nt:unstructured"
                                entity=""/>
                            <bookmark
                                jcr:primaryType="nt:unstructured"
                                entity=""/>
                            <calendar
                                jcr:primaryType="nt:unstructured"
                                entity=""/>
                            <camera
                                jcr:primaryType="nt:unstructured"
                                entity=""/>
                            <cancel
                                jcr:primaryType="nt:unstructured"
                                entity=""/>
                            <cash
                                jcr:primaryType="nt:unstructured"
                                entity=""/>
                            <adduser
                                jcr:primaryType="nt:unstructured"
                                entity=""/>
                            <chato
                                jcr:primaryType="nt:unstructured"
                                entity=""/>
                            <checko
                                jcr:primaryType="nt:unstructured"
                                entity=""/>
                            <note
                                jcr:primaryType="nt:unstructured"
                                entity=""/>
                            <offline
                                jcr:primaryType="nt:unstructured"
                                entity=""/>
                            <phone
                                jcr:primaryType="nt:unstructured"
                                entity=""/>
                            <pin
                                jcr:primaryType="nt:unstructured"
                                entity=""/>
                            <preview
                                jcr:primaryType="nt:unstructured"
                                entity=""/>
                            <print
                                jcr:primaryType="nt:unstructured"
                                entity=""/>
                            <folder
                                jcr:primaryType="nt:unstructured"
                                entity=""/>
                            <receipto
                                jcr:primaryType="nt:unstructured"
                                entity=""/>
                            <history
                                jcr:primaryType="nt:unstructured"
                                entity=""/>
                            <document
                                jcr:primaryType="nt:unstructured"
                                entity=""/>
                            <reconcile
                                jcr:primaryType="nt:unstructured"
                                entity=""/>
                            <refresh
                                jcr:primaryType="nt:unstructured"
                                entity=""/>
                            <speechbubble
                                jcr:primaryType="nt:unstructured"
                                entity=""/>
                            <copy
                                jcr:primaryType="nt:unstructured"
                                entity=""/>
                            <newsletter
                                jcr:primaryType="nt:unstructured"
                                entity=""/>
                            <tag
                                jcr:primaryType="nt:unstructured"
                                entity=""/>
                            <creditcard
                                jcr:primaryType="nt:unstructured"
                                entity=""/>
                            <headset
                                jcr:primaryType="nt:unstructured"
                                entity=""/>
                            <customize
                                jcr:primaryType="nt:unstructured"
                                entity="&amp;#38;"/>
                            <delete
                                jcr:primaryType="nt:unstructured"
                                entity=""/>
                            <directdeposit
                                jcr:primaryType="nt:unstructured"
                                entity=""/>
                            <download
                                jcr:primaryType="nt:unstructured"
                                entity=""/>
                            <draft
                                jcr:primaryType="nt:unstructured"
                                entity=""/>
                            <duplicate
                                jcr:primaryType="nt:unstructured"
                                entity=""/>
                            <edit
                                jcr:primaryType="nt:unstructured"
                                entity=""/>
                            <email
                                jcr:primaryType="nt:unstructured"
                                entity=""/>
                            <expert
                                jcr:primaryType="nt:unstructured"
                                entity=""/>
                            <save
                                jcr:primaryType="nt:unstructured"
                                entity=""/>
                            <search
                                jcr:primaryType="nt:unstructured"
                                entity=""/>
                            <send
                                jcr:primaryType="nt:unstructured"
                                entity=""/>
                            <settingso
                                jcr:primaryType="nt:unstructured"
                                entity=""/>
                            <share
                                jcr:primaryType="nt:unstructured"
                                entity=""/>
                            <message
                                jcr:primaryType="nt:unstructured"
                                entity=""/>
                            <survey
                                jcr:primaryType="nt:unstructured"
                                entity=""/>
                            <thumbup
                                jcr:primaryType="nt:unstructured"
                                entity=""/>
                            <thumbdown
                                jcr:primaryType="nt:unstructured"
                                entity=""/>
                            <lightbulbo
                                jcr:primaryType="nt:unstructured"
                                entity=""/>
                            <checklist
                                jcr:primaryType="nt:unstructured"
                                entity=""/>
                            <proadvisor
                                jcr:primaryType="nt:unstructured"
                                entity="&amp;#8482;"/>
                            <upload
                                jcr:primaryType="nt:unstructured"
                                entity=""/>
                            <export
                                jcr:primaryType="nt:unstructured"
                                entity=""/>
                            <staro
                                jcr:primaryType="nt:unstructured"
                                entity=""/>
                            <announce
                                jcr:primaryType="nt:unstructured"
                                entity=""/>
                            <user
                                jcr:primaryType="nt:unstructured"
                                entity=""/>
                            <filter
                                jcr:primaryType="nt:unstructured"
                                entity=""/>
                            <flag
                                jcr:primaryType="nt:unstructured"
                                entity=""/>
                            <helpo
                                jcr:primaryType="nt:unstructured"
                                entity=""/>
                            <marketingalt
                                jcr:primaryType="nt:unstructured"
                                entity=""/>
                            <image
                                jcr:primaryType="nt:unstructured"
                                entity=""/>
                            <import
                                jcr:primaryType="nt:unstructured"
                                entity=""/>
                            <list
                                jcr:primaryType="nt:unstructured"
                                entity=""/>
                            <lock
                                jcr:primaryType="nt:unstructured"
                                entity=""/>
                            <map
                                jcr:primaryType="nt:unstructured"
                                entity=""/>
                            <mappin
                                jcr:primaryType="nt:unstructured"
                                entity=""/>
                            <microphone
                                jcr:primaryType="nt:unstructured"
                                entity=""/>
                            <adjust
                                jcr:primaryType="nt:unstructured"
                                entity=""/>
                            <unlock
                                jcr:primaryType="nt:unstructured"
                                entity=""/>
                            <create
                                jcr:primaryType="nt:unstructured"
                                entity=""/>
                            <createl
                                jcr:primaryType="nt:unstructured"
                                entity=""/>
                            <close
                                jcr:primaryType="nt:unstructured"
                                entity=""/>
                            <popout
                                jcr:primaryType="nt:unstructured"
                                entity=""/>
                            <popin
                                jcr:primaryType="nt:unstructured"
                                entity=""/>
                            <minimize
                                jcr:primaryType="nt:unstructured"
                                entity=""/>
                            <maximize
                                jcr:primaryType="nt:unstructured"
                                entity=""/>
                            <unlink
                                jcr:primaryType="nt:unstructured"
                                entity=""/>
                            <play
                                jcr:primaryType="nt:unstructured"
                                entity=""/>
                            <documentalt
                                jcr:primaryType="nt:unstructured"
                                entity=""/>
                            <upgrade
                                jcr:primaryType="nt:unstructured"
                                entity=""/>
                            <chevronleft
                                jcr:primaryType="nt:unstructured"
                                entity=""/>
                            <chevronright
                                jcr:primaryType="nt:unstructured"
                                entity=""/>
                            <chevronup
                                jcr:primaryType="nt:unstructured"
                                entity=""/>
                            <chevrondown
                                jcr:primaryType="nt:unstructured"
                                entity=""/>
                            <mileage
                                jcr:primaryType="nt:unstructured"
                                entity=""/>
                            <newwindow
                                jcr:primaryType="nt:unstructured"
                                entity=""/>
                            <circlealert
                                jcr:primaryType="nt:unstructured"
                                entity=""/>
                            <circlecheck
                                jcr:primaryType="nt:unstructured"
                                entity=""/>
                            <circleinfo
                                jcr:primaryType="nt:unstructured"
                                entity=""/>
                            <tearalertrt
                                jcr:primaryType="nt:unstructured"
                                entity=""/>
                            <tearalertlt
                                jcr:primaryType="nt:unstructured"
                                entity=""/>
                            <tearchecklt
                                jcr:primaryType="nt:unstructured"
                                entity=""/>
                            <tearcheckrt
                                jcr:primaryType="nt:unstructured"
                                entity=""/>
                            <drag
                                jcr:primaryType="nt:unstructured"
                                entity=""/>
                            <arrange
                                jcr:primaryType="nt:unstructured"
                                entity=""/>
                            <tearpending
                                jcr:primaryType="nt:unstructured"
                                entity=""/>
                            <birthday
                                jcr:primaryType="nt:unstructured"
                                entity=""/>
                            <anniversary
                                jcr:primaryType="nt:unstructured"
                                entity=""/>
                            <noaccess
                                jcr:primaryType="nt:unstructured"
                                entity=""/>
                            <swap
                                jcr:primaryType="nt:unstructured"
                                entity=""/>
                            <vidresize1
                                jcr:primaryType="nt:unstructured"
                                entity=""/>
                            <vidresize2
                                jcr:primaryType="nt:unstructured"
                                entity=""/>
                            <vidplay
                                jcr:primaryType="nt:unstructured"
                                entity=""/>
                            <overflow
                                jcr:primaryType="nt:unstructured"
                                entity=""/>
                            <hamburger
                                jcr:primaryType="nt:unstructured"
                                entity=""/>
                            <starhalf
                                jcr:primaryType="nt:unstructured"
                                entity=""/>
                            <starhalffull
                                jcr:primaryType="nt:unstructured"
                                entity=""/>
                            <globalcreate
                                jcr:primaryType="nt:unstructured"
                                entity=""/>
                            <globalcreatealt
                                jcr:primaryType="nt:unstructured"
                                entity=""/>
                            <avataro
                                jcr:primaryType="nt:unstructured"
                                entity=""/>
                            <labelnew
                                jcr:primaryType="nt:unstructured"
                                entity=""/>
                            <trophy
                                jcr:primaryType="nt:unstructured"
                                entity=""/>
                            <grid
                                jcr:primaryType="nt:unstructured"
                                entity=""/>
                        </chars>
                    </specialCharsConfig>
                </misctools>
                <undo
                    jcr:primaryType="nt:unstructured"
                    features="*"/>
                <lists
                    jcr:primaryType="nt:unstructured"
                    features="*"/>
            </rtePlugins>
            <uiSettings jcr:primaryType="nt:unstructured">
                <cui jcr:primaryType="nt:unstructured">
                    <inline
                        jcr:primaryType="nt:unstructured"
                        toolbar="[#styles,#paraformat,#lists,#format,#justify,links#modifylink,links#unlink,tracklinks#modifylinktracking,-,fullscreen#start,-,control#close,control#save]">
                        <popovers jcr:primaryType="nt:unstructured">
                            <format
                                jcr:primaryType="nt:unstructured"
                                items="[format#bold,format#italic,format#underline,subsuperscript#subscript,subsuperscript#superscript]"
                                ref="format"/>
                            <justify
                                jcr:primaryType="nt:unstructured"
                                items="[justify#justifyleft,justify#justifycenter,justify#justifyright]"
                                ref="justify"/>
                            <lists
                                jcr:primaryType="nt:unstructured"
                                items="[lists#unordered,lists#ordered,lists#outdent,lists#indent]"
                                ref="lists"/>
                            <styles
                                jcr:primaryType="nt:unstructured"
                                items="styles:getStyles:styles-pulldown"
                                ref="styles"/>
                            <paraformat
                                jcr:primaryType="nt:unstructured"
                                items="paraformat:getFormats:paraformat-pulldown"
                                ref="paraformat"/>
                        </popovers>
                    </inline>
                    <fullscreen
                        jcr:primaryType="nt:unstructured"
                        toolbar="[format#bold,format#italic,format#underline,subsuperscript#subscript,subsuperscript#superscript,edit#cut,edit#copy,edit#paste-default,edit#paste-plaintext,edit#paste-wordhtml,links#modifylink,links#unlink,links#anchor,tracklinks#modifylinktracking,findreplace#find,findreplace#replace,undo#undo,undo#redo,justify#justifyleft,justify#justifycenter,justify#justifyright,lists#unordered,lists#ordered,lists#outdent,lists#indent,table#createoredit,image#imageProps,spellcheck#checktext,generichtml#generichtml,misctools#specialchars,misctools#sourceedit,#styles,#paraformat,fullscreen#finish]">
                        <popovers jcr:primaryType="nt:unstructured">
                            <styles
                                jcr:primaryType="nt:unstructured"
                                items="styles:getStyles:styles-pulldown"
                                ref="styles"/>
                            <paraformat
                                jcr:primaryType="nt:unstructured"
                                items="paraformat:getFormats:paraformat-pulldown"
                                ref="paraformat"/>
                        </popovers>
                    </fullscreen>
                </cui>
            </uiSettings>
        </config>
    </cq:inplaceEditing>
    <cq:listeners
        jcr:primaryType="cq:EditListenersConfig"
        afteredit="REFRESH_PAGE"/>
</jcr:root>
