<?xml version="1.0" encoding="UTF-8"?>
<jcr:root xmlns:sling="http://sling.apache.org/jcr/sling/1.0" xmlns:granite="http://www.adobe.com/jcr/granite/1.0" xmlns:cq="http://www.day.com/jcr/cq/1.0" xmlns:jcr="http://www.jcp.org/jcr/1.0" xmlns:nt="http://www.jcp.org/jcr/nt/1.0"
    jcr:primaryType="nt:unstructured"
    jcr:title="Footer Container"
    sling:resourceType="cq/gui/components/authoring/dialog">
    <content
        jcr:primaryType="nt:unstructured"
        sling:resourceType="granite/ui/components/coral/foundation/container">
        <items jcr:primaryType="nt:unstructured">
            <tabs
                jcr:primaryType="nt:unstructured"
                sling:resourceType="granite/ui/components/coral/foundation/tabs"
                maximized="{Boolean}true">
                <items jcr:primaryType="nt:unstructured">
                    <basic
                        jcr:primaryType="nt:unstructured"
                        jcr:title="Footer List"
                        sling:resourceType="granite/ui/components/coral/foundation/fixedcolumns">
                        <items jcr:primaryType="nt:unstructured">
                            <column
                                jcr:primaryType="nt:unstructured"
                                sling:resourceType="granite/ui/components/coral/foundation/container">
                                <items jcr:primaryType="nt:unstructured">
                                    <title
                                        jcr:primaryType="nt:unstructured"
                                        sling:resourceType="granite/ui/components/coral/foundation/form/textfield"
                                        fieldLabel="List Title"
                                        name="./listTitle"/>
                                    <listid
                                        jcr:primaryType="nt:unstructured"
                                        sling:resourceType="granite/ui/components/coral/foundation/form/textfield"
                                        fieldDescription="List id must be different each time footer component is inserted"
                                        fieldLabel="Unique List Id"
                                        name="./listid"
                                        required="{Boolean}true"/>
                                    <multifieldslist
                                        jcr:primaryType="nt:unstructured"
                                        sling:resourceType="granite/ui/components/coral/foundation/form/multifield"
                                        composite="{Boolean}true"
                                        fieldLabel="Create List"
                                        name="./multifieldslist">
                                        <field
                                            jcr:primaryType="nt:unstructured"
                                            sling:resourceType="granite/ui/components/coral/foundation/container"
                                            name="./listitems">
                                            <items jcr:primaryType="nt:unstructured">
                                                <list
                                                    jcr:primaryType="nt:unstructured"
                                                    jcr:title="list value"
                                                    sling:resourceType="granite/ui/components/coral/foundation/form/textfield"
                                                    fieldLabel="list value"
                                                    name="./listvalue"/>
                                                <linkurl
                                                    jcr:primaryType="nt:unstructured"
                                                    jcr:title="list value"
                                                    sling:resourceType="granite/ui/components/coral/foundation/form/pathfield"
                                                    fieldLabel="link url"
                                                    name="./linkurl"
                                                    rootPath="/content"
                                                    suffix=".html"/>
                                            </items>
                                        </field>
                                    </multifieldslist>
                                    <listoption
                                        granite:class="cq-dialog-dropdown-showhide"
                                        jcr:primaryType="nt:unstructured"
                                        sling:resourceType="granite/ui/components/coral/foundation/form/select"
                                        fieldLabel="toggle(show/hide button) list for mobile view? default is false, no toggle"
                                        name="./listoption">
                                        <granite:data
                                            jcr:primaryType="nt:unstructured"
                                            cq-dialog-dropdown-showhide-target=".list-option-listfrom-showhide-target"/>
                                        <items jcr:primaryType="nt:unstructured">
                                            <default
                                                granite:hide="${cqDesign.disableTags}"
                                                jcr:primaryType="nt:unstructured"
                                                text="default"
                                                value="false"/>
                                            <true
                                                granite:hide="${cqDesign.disableChildren}"
                                                jcr:primaryType="nt:unstructured"
                                                text="true"
                                                value="true"/>
                                        </items>
                                    </listoption>
                                </items>
                            </column>
                        </items>
                    </basic>
                </items>
            </tabs>
        </items>
    </content>
</jcr:root>
