<?xml version="1.0" encoding="UTF-8"?>
<jcr:root xmlns:sling="http://sling.apache.org/jcr/sling/1.0" xmlns:cq="http://www.day.com/jcr/cq/1.0" xmlns:jcr="http://www.jcp.org/jcr/1.0" xmlns:nt="http://www.jcp.org/jcr/nt/1.0"
    jcr:primaryType="cq:Page">
    <jcr:content
        cq:lastModified="{Date}2018-12-17T13:47:18.856-05:00"
        cq:lastModifiedBy="admin"
        cq:template="/apps/hha/dmxfla/templates/contentpage"
        jcr:primaryType="cq:PageContent"
        jcr:title="home"
        sling:resourceType="hha/dmxfla/components/structure/page/contentpage">
        <section-content
            jcr:lastModified="{Date}2018-12-17T12:50:59.928-05:00"
            jcr:lastModifiedBy="admin"
            jcr:primaryType="nt:unstructured"
            sling:resourceType="hha/dmxfla/components/content/layoutcontainer"
            isFullWidth="true"
            type="Video">
            <adaptiveimage
                jcr:created="{Date}2018-12-17T13:07:40.581-05:00"
                jcr:createdBy="admin"
                jcr:lastModified="{Date}2018-12-17T13:07:53.955-05:00"
                jcr:lastModifiedBy="admin"
                jcr:primaryType="nt:unstructured"
                sling:resourceType="hha/dmxfla/components/content/adaptiveimage"
                alt="fittany"
                fileReference="/content/dam/digital-marketing/en/highmark/fittanylion/FittanyLionDesktopimage@2x.png"
                isDecorative="true">
                <cq:responsive jcr:primaryType="nt:unstructured">
                    <default
                        jcr:primaryType="nt:unstructured"
                        offset="1"
                        width="4"/>
                </cq:responsive>
            </adaptiveimage>
            <textmain
                jcr:created="{Date}2018-12-17T13:08:26.921-05:00"
                jcr:createdBy="admin"
                jcr:lastModified="{Date}2018-12-17T13:09:18.704-05:00"
                jcr:lastModifiedBy="admin"
                jcr:primaryType="nt:unstructured"
                sling:resourceType="hha/dmxfla/components/content/textmain"
                text="&lt;h1>&lt;span class=&quot;global-clr_in_the_navy&quot;>THIS IS FITTANY HOME PAGE&lt;/span>&lt;/h1>&#xa;"
                textIsRich="true">
                <cq:responsive jcr:primaryType="nt:unstructured">
                    <default
                        jcr:primaryType="nt:unstructured"
                        offset="1"
                        width="5"/>
                </cq:responsive>
            </textmain>
            <spacing
                jcr:created="{Date}2018-12-17T13:09:24.589-05:00"
                jcr:createdBy="admin"
                jcr:lastModified="{Date}2018-12-17T13:10:04.948-05:00"
                jcr:lastModifiedBy="admin"
                jcr:primaryType="nt:unstructured"
                sling:resourceType="hha/dmxfla/components/content/spacing"
                desktopspacingvertical="sixty-padding"/>
            <button
                jcr:created="{Date}2018-12-17T13:45:30.715-05:00"
                jcr:createdBy="admin"
                jcr:lastModified="{Date}2018-12-17T13:47:01.425-05:00"
                jcr:lastModifiedBy="admin"
                jcr:primaryType="nt:unstructured"
                sling:resourceType="hha/dmxfla/components/content/button"
                button_border_text_color="global-bdrtxt-white"
                buttonbackgroundcolor="global-black"
                buttonhovercolor="background-none-hover"
                buttonTitle="LOGIN"
                buttontypes="button-signup-lg"
                sref="login">
                <cq:responsive jcr:primaryType="nt:unstructured">
                    <default
                        jcr:primaryType="nt:unstructured"
                        offset="1"
                        width="4"/>
                </cq:responsive>
            </button>
            <button_copy
                jcr:created="{Date}2018-12-17T13:45:30.715-05:00"
                jcr:createdBy="admin"
                jcr:lastModified="{Date}2018-12-17T13:47:18.853-05:00"
                jcr:lastModifiedBy="admin"
                jcr:primaryType="nt:unstructured"
                sling:resourceType="hha/dmxfla/components/content/button"
                button_border_text_color="global-bdrtxt-white"
                buttonbackgroundcolor="global-black"
                buttonhovercolor="background-none-hover"
                buttonTitle="SIGNUP"
                buttontypes="button-signup-lg"
                sref="signup">
                <cq:responsive jcr:primaryType="nt:unstructured">
                    <default
                        jcr:primaryType="nt:unstructured"
                        offset="1"
                        width="4"/>
                </cq:responsive>
            </button_copy>
        </section-content>
    </jcr:content>
</jcr:root>
